Код(уникальный);Название;Описание;Тип(оборудование или ЗИП);Категория(с сайта без слов категория);Подкатегория(с сайта или новая);Производитель;Цена;Валюта;Напиличие(МРП или ТВС);Фото(только название)
1;;DESCR_1;type;category;subcat;producer;100;usd;yes;no_image.png
2;TEST_2;DESCR_2;type;category;subcat;producer;200;usd;yes;no_image.png
3;TEST_3;DESCR_3;type;category;subcat;producer;300;usd;yes;no_image.png
4;TEST_4;DESCR_4;type;category;subcat;producer;400;usd;yes;no_image.png
5;TEST_5;DESCR_5;type;category;subcat;producer;500;usd;yes;no_image.png
6;TEST_6;DESCR_6;type;category;subcat;producer;600;usd;yes;no_image.png
7;TEST_7;DESCR_7;type;category;subcat;producer;700;usd;yes;no_image.png
8;TEST_8;DESCR_8;type;category;subcat;producer;800;usd;yes;no_image.png
9;TEST_9;DESCR_9;type;category;subcat;producer;900;usd;yes;no_image.png
10;TEST_10;DESCR_10;type;category;subcat;producer;1000;usd;yes;no_image.png
11;TEST_11;DESCR_11;type;category;subcat;producer;1100;usd;yes;no_image.png
12;TEST_12;DESCR_12;type;category;subcat;producer;1200;usd;yes;no_image.png
13;TEST_13;DESCR_13;type;category;subcat;producer;1300;usd;yes;no_image.png
14;TEST_14;DESCR_14;type;category;subcat;producer;1400;usd;yes;no_image.png
15;TEST_15;DESCR_15;type;category;subcat;producer;1500;usd;yes;no_image.png
16;TEST_16;DESCR_16;type;category;subcat;producer;1600;usd;yes;no_image.png
17;TEST_17;DESCR_17;type;category;subcat;producer;1700;usd;yes;no_image.png
18;TEST_18;DESCR_18;type;category;subcat;producer;1800;usd;yes;no_image.png
19;TEST_19;DESCR_19;type;category;subcat;producer;1900;usd;yes;no_image.png
20;TEST_20;DESCR_20;type;category;subcat;producer;2000;usd;yes;no_image.png
21;TEST_21;DESCR_21;type;category;subcat;producer;2100;usd;yes;no_image.png
22;TEST_22;DESCR_22;type;category;subcat;producer;2200;usd;yes;no_image.png
23;TEST_23;DESCR_23;type;category;subcat;producer;2300;usd;yes;no_image.png
24;TEST_24;DESCR_24;type;category;subcat;producer;2400;usd;yes;no_image.png
25;TEST_25;DESCR_25;type;category;subcat;producer;2500;usd;yes;no_image.png
26;TEST_26;DESCR_26;type;category;subcat;producer;2600;usd;yes;no_image.png
27;TEST_27;DESCR_27;type;category;subcat;producer;2700;usd;yes;no_image.png
28;TEST_28;DESCR_28;type;category;subcat;producer;2800;usd;yes;no_image.png
29;TEST_29;DESCR_29;type;category;subcat;producer;2900;usd;yes;no_image.png
30;TEST_30;DESCR_30;type;category;subcat;producer;3000;usd;yes;no_image.png
31;TEST_31;DESCR_31;type;category;subcat;producer;3100;usd;yes;no_image.png
32;TEST_32;DESCR_32;type;category;subcat;producer;3200;usd;yes;no_image.png
33;TEST_33;DESCR_33;type;category;subcat;producer;3300;usd;yes;no_image.png
34;TEST_34;DESCR_34;type;category;subcat;producer;3400;usd;yes;no_image.png
35;TEST_35;DESCR_35;type;category;subcat;producer;3500;usd;yes;no_image.png
36;TEST_36;DESCR_36;type;category;subcat;producer;3600;usd;yes;no_image.png
37;TEST_37;DESCR_37;type;category;subcat;producer;3700;usd;yes;no_image.png
38;TEST_38;DESCR_38;type;category;subcat;producer;3800;usd;yes;no_image.png
39;TEST_39;DESCR_39;type;category;subcat;producer;3900;usd;yes;no_image.png
40;TEST_40;DESCR_40;type;category;subcat;producer;4000;usd;yes;no_image.png
41;TEST_41;DESCR_41;type;category;subcat;producer;4100;usd;yes;no_image.png
42;TEST_42;DESCR_42;type;category;subcat;producer;4200;usd;yes;no_image.png
43;TEST_43;DESCR_43;type;category;subcat;producer;4300;usd;yes;no_image.png
44;TEST_44;DESCR_44;type;category;subcat;producer;4400;usd;yes;no_image.png
45;TEST_45;DESCR_45;type;category;subcat;producer;4500;usd;yes;no_image.png
46;TEST_46;DESCR_46;type;category;subcat;producer;4600;usd;yes;no_image.png
47;TEST_47;DESCR_47;type;category;subcat;producer;4700;usd;yes;no_image.png
48;TEST_48;DESCR_48;type;category;subcat;producer;4800;usd;yes;no_image.png
49;TEST_49;DESCR_49;type;category;subcat;producer;4900;usd;yes;no_image.png
50;TEST_50;DESCR_50;type;category;subcat;producer;5000;usd;yes;no_image.png
51;TEST_51;DESCR_51;type;category;subcat;producer;5100;usd;yes;no_image.png
52;TEST_52;DESCR_52;type;category;subcat;producer;5200;usd;yes;no_image.png
53;TEST_53;DESCR_53;type;category;subcat;producer;5300;usd;yes;no_image.png
54;TEST_54;DESCR_54;type;category;subcat;producer;5400;usd;yes;no_image.png
55;TEST_55;DESCR_55;type;category;subcat;producer;5500;usd;yes;no_image.png
56;TEST_56;DESCR_56;type;category;subcat;producer;5600;usd;yes;no_image.png
57;TEST_57;DESCR_57;type;category;subcat;producer;5700;usd;yes;no_image.png
58;TEST_58;DESCR_58;type;category;subcat;producer;5800;usd;yes;no_image.png
59;TEST_59;DESCR_59;type;category;subcat;producer;5900;usd;yes;no_image.png
60;TEST_60;DESCR_60;type;category;subcat;producer;6000;usd;yes;no_image.png
61;TEST_61;DESCR_61;type;category;subcat;producer;6100;usd;yes;no_image.png
62;TEST_62;DESCR_62;type;category;subcat;producer;6200;usd;yes;no_image.png
63;TEST_63;DESCR_63;type;category;subcat;producer;6300;usd;yes;no_image.png
64;TEST_64;DESCR_64;type;category;subcat;producer;6400;usd;yes;no_image.png
65;TEST_65;DESCR_65;type;category;subcat;producer;6500;usd;yes;no_image.png
66;TEST_66;DESCR_66;type;category;subcat;producer;6600;usd;yes;no_image.png
67;TEST_67;DESCR_67;type;category;subcat;producer;6700;usd;yes;no_image.png
68;TEST_68;DESCR_68;type;category;subcat;producer;6800;usd;yes;no_image.png
69;TEST_69;DESCR_69;type;category;subcat;producer;6900;usd;yes;no_image.png
70;TEST_70;DESCR_70;type;category;subcat;producer;7000;usd;yes;no_image.png
71;TEST_71;DESCR_71;type;category;subcat;producer;7100;usd;yes;no_image.png
72;TEST_72;DESCR_72;type;category;subcat;producer;7200;usd;yes;no_image.png
73;TEST_73;DESCR_73;type;category;subcat;producer;7300;usd;yes;no_image.png
74;TEST_74;DESCR_74;type;category;subcat;producer;7400;usd;yes;no_image.png
75;TEST_75;DESCR_75;type;category;subcat;producer;7500;usd;yes;no_image.png
76;TEST_76;DESCR_76;type;category;subcat;producer;7600;usd;yes;no_image.png
77;TEST_77;DESCR_77;type;category;subcat;producer;7700;usd;yes;no_image.png
78;TEST_78;DESCR_78;type;category;subcat;producer;7800;usd;yes;no_image.png
79;TEST_79;DESCR_79;type;category;subcat;producer;7900;usd;yes;no_image.png
80;TEST_80;DESCR_80;type;category;subcat;producer;8000;usd;yes;no_image.png
81;TEST_81;DESCR_81;type;category;subcat;producer;8100;usd;yes;no_image.png
82;TEST_82;DESCR_82;type;category;subcat;producer;8200;usd;yes;no_image.png
83;TEST_83;DESCR_83;type;category;subcat;producer;8300;usd;yes;no_image.png
84;TEST_84;DESCR_84;type;category;subcat;producer;8400;usd;yes;no_image.png
85;TEST_85;DESCR_85;type;category;subcat;producer;8500;usd;yes;no_image.png
86;TEST_86;DESCR_86;type;category;subcat;producer;8600;usd;yes;no_image.png
87;TEST_87;DESCR_87;type;category;subcat;producer;8700;usd;yes;no_image.png
88;TEST_88;DESCR_88;type;category;subcat;producer;8800;usd;yes;no_image.png
89;TEST_89;DESCR_89;type;category;subcat;producer;8900;usd;yes;no_image.png
90;TEST_90;DESCR_90;type;category;subcat;producer;9000;usd;yes;no_image.png
91;TEST_91;DESCR_91;type;category;subcat;producer;9100;usd;yes;no_image.png
92;TEST_92;DESCR_92;type;category;subcat;producer;9200;usd;yes;no_image.png
93;TEST_93;DESCR_93;type;category;subcat;producer;9300;usd;yes;no_image.png
94;TEST_94;DESCR_94;type;category;subcat;producer;9400;usd;yes;no_image.png
95;TEST_95;DESCR_95;type;category;subcat;producer;9500;usd;yes;no_image.png
96;TEST_96;DESCR_96;type;category;subcat;producer;9600;usd;yes;no_image.png
97;TEST_97;DESCR_97;type;category;subcat;producer;9700;usd;yes;no_image.png
98;TEST_98;DESCR_98;type;category;subcat;producer;9800;usd;yes;no_image.png
99;TEST_99;DESCR_99;type;category;subcat;producer;9900;usd;yes;no_image.png
100;TEST_100;DESCR_100;type;category;subcat;producer;10000;usd;yes;no_image.png
101;TEST_101;DESCR_101;type;category;subcat;producer;10100;usd;yes;no_image.png
102;TEST_102;DESCR_102;type;category;subcat;producer;10200;usd;yes;no_image.png
103;TEST_103;DESCR_103;type;category;subcat;producer;10300;usd;yes;no_image.png
104;TEST_104;DESCR_104;type;category;subcat;producer;10400;usd;yes;no_image.png
105;TEST_105;DESCR_105;type;category;subcat;producer;10500;usd;yes;no_image.png
106;TEST_106;DESCR_106;type;category;subcat;producer;10600;usd;yes;no_image.png
107;TEST_107;DESCR_107;type;category;subcat;producer;10700;usd;yes;no_image.png
108;TEST_108;DESCR_108;type;category;subcat;producer;10800;usd;yes;no_image.png
109;TEST_109;DESCR_109;type;category;subcat;producer;10900;usd;yes;no_image.png
110;TEST_110;DESCR_110;type;category;subcat;producer;11000;usd;yes;no_image.png
111;TEST_111;DESCR_111;type;category;subcat;producer;11100;usd;yes;no_image.png
112;TEST_112;DESCR_112;type;category;subcat;producer;11200;usd;yes;no_image.png
113;TEST_113;DESCR_113;type;category;subcat;producer;11300;usd;yes;no_image.png
114;TEST_114;DESCR_114;type;category;subcat;producer;11400;usd;yes;no_image.png
115;TEST_115;DESCR_115;type;category;subcat;producer;11500;usd;yes;no_image.png
116;TEST_116;DESCR_116;type;category;subcat;producer;11600;usd;yes;no_image.png
117;TEST_117;DESCR_117;type;category;subcat;producer;11700;usd;yes;no_image.png
118;TEST_118;DESCR_118;type;category;subcat;producer;11800;usd;yes;no_image.png
119;TEST_119;DESCR_119;type;category;subcat;producer;11900;usd;yes;no_image.png
120;TEST_120;DESCR_120;type;category;subcat;producer;12000;usd;yes;no_image.png
121;TEST_121;DESCR_121;type;category;subcat;producer;12100;usd;yes;no_image.png
122;TEST_122;DESCR_122;type;category;subcat;producer;12200;usd;yes;no_image.png
123;TEST_123;DESCR_123;type;category;subcat;producer;12300;usd;yes;no_image.png
124;TEST_124;DESCR_124;type;category;subcat;producer;12400;usd;yes;no_image.png
125;TEST_125;DESCR_125;type;category;subcat;producer;12500;usd;yes;no_image.png
126;TEST_126;DESCR_126;type;category;subcat;producer;12600;usd;yes;no_image.png
127;TEST_127;DESCR_127;type;category;subcat;producer;12700;usd;yes;no_image.png
128;TEST_128;DESCR_128;type;category;subcat;producer;12800;usd;yes;no_image.png
129;TEST_129;DESCR_129;type;category;subcat;producer;12900;usd;yes;no_image.png
130;TEST_130;DESCR_130;type;category;subcat;producer;13000;usd;yes;no_image.png
131;TEST_131;DESCR_131;type;category;subcat;producer;13100;usd;yes;no_image.png
132;TEST_132;DESCR_132;type;category;subcat;producer;13200;usd;yes;no_image.png
133;TEST_133;DESCR_133;type;category;subcat;producer;13300;usd;yes;no_image.png
134;TEST_134;DESCR_134;type;category;subcat;producer;13400;usd;yes;no_image.png
135;TEST_135;DESCR_135;type;category;subcat;producer;13500;usd;yes;no_image.png
136;TEST_136;DESCR_136;type;category;subcat;producer;13600;usd;yes;no_image.png
137;TEST_137;DESCR_137;type;category;subcat;producer;13700;usd;yes;no_image.png
138;TEST_138;DESCR_138;type;category;subcat;producer;13800;usd;yes;no_image.png
139;TEST_139;DESCR_139;type;category;subcat;producer;13900;usd;yes;no_image.png
140;TEST_140;DESCR_140;type;category;subcat;producer;14000;usd;yes;no_image.png
141;TEST_141;DESCR_141;type;category;subcat;producer;14100;usd;yes;no_image.png
142;TEST_142;DESCR_142;type;category;subcat;producer;14200;usd;yes;no_image.png
143;TEST_143;DESCR_143;type;category;subcat;producer;14300;usd;yes;no_image.png
144;TEST_144;DESCR_144;type;category;subcat;producer;14400;usd;yes;no_image.png
145;TEST_145;DESCR_145;type;category;subcat;producer;14500;usd;yes;no_image.png
146;TEST_146;DESCR_146;type;category;subcat;producer;14600;usd;yes;no_image.png
147;TEST_147;DESCR_147;type;category;subcat;producer;14700;usd;yes;no_image.png
148;TEST_148;DESCR_148;type;category;subcat;producer;14800;usd;yes;no_image.png
149;TEST_149;DESCR_149;type;category;subcat;producer;14900;usd;yes;no_image.png
150;TEST_150;DESCR_150;type;category;subcat;producer;15000;usd;yes;no_image.png
151;TEST_151;DESCR_151;type;category;subcat;producer;15100;usd;yes;no_image.png
152;TEST_152;DESCR_152;type;category;subcat;producer;15200;usd;yes;no_image.png
153;TEST_153;DESCR_153;type;category;subcat;producer;15300;usd;yes;no_image.png
154;TEST_154;DESCR_154;type;category;subcat;producer;15400;usd;yes;no_image.png
155;TEST_155;DESCR_155;type;category;subcat;producer;15500;usd;yes;no_image.png
156;TEST_156;DESCR_156;type;category;subcat;producer;15600;usd;yes;no_image.png
157;TEST_157;DESCR_157;type;category;subcat;producer;15700;usd;yes;no_image.png
158;TEST_158;DESCR_158;type;category;subcat;producer;15800;usd;yes;no_image.png
159;TEST_159;DESCR_159;type;category;subcat;producer;15900;usd;yes;no_image.png
160;TEST_160;DESCR_160;type;category;subcat;producer;16000;usd;yes;no_image.png
161;TEST_161;DESCR_161;type;category;subcat;producer;16100;usd;yes;no_image.png
162;TEST_162;DESCR_162;type;category;subcat;producer;16200;usd;yes;no_image.png
163;TEST_163;DESCR_163;type;category;subcat;producer;16300;usd;yes;no_image.png
164;TEST_164;DESCR_164;type;category;subcat;producer;16400;usd;yes;no_image.png
165;TEST_165;DESCR_165;type;category;subcat;producer;16500;usd;yes;no_image.png
166;TEST_166;DESCR_166;type;category;subcat;producer;16600;usd;yes;no_image.png
167;TEST_167;DESCR_167;type;category;subcat;producer;16700;usd;yes;no_image.png
168;TEST_168;DESCR_168;type;category;subcat;producer;16800;usd;yes;no_image.png
169;TEST_169;DESCR_169;type;category;subcat;producer;16900;usd;yes;no_image.png
170;TEST_170;DESCR_170;type;category;subcat;producer;17000;usd;yes;no_image.png
171;TEST_171;DESCR_171;type;category;subcat;producer;17100;usd;yes;no_image.png
172;TEST_172;DESCR_172;type;category;subcat;producer;17200;usd;yes;no_image.png
173;TEST_173;DESCR_173;type;category;subcat;producer;17300;usd;yes;no_image.png
174;TEST_174;DESCR_174;type;category;subcat;producer;17400;usd;yes;no_image.png
175;TEST_175;DESCR_175;type;category;subcat;producer;17500;usd;yes;no_image.png
176;TEST_176;DESCR_176;type;category;subcat;producer;17600;usd;yes;no_image.png
177;TEST_177;DESCR_177;type;category;subcat;producer;17700;usd;yes;no_image.png
178;TEST_178;DESCR_178;type;category;subcat;producer;17800;usd;yes;no_image.png
179;TEST_179;DESCR_179;type;category;subcat;producer;17900;usd;yes;no_image.png
180;TEST_180;DESCR_180;type;category;subcat;producer;18000;usd;yes;no_image.png
181;TEST_181;DESCR_181;type;category;subcat;producer;18100;usd;yes;no_image.png
182;TEST_182;DESCR_182;type;category;subcat;producer;18200;usd;yes;no_image.png
183;TEST_183;DESCR_183;type;category;subcat;producer;18300;usd;yes;no_image.png
184;TEST_184;DESCR_184;type;category;subcat;producer;18400;usd;yes;no_image.png
185;TEST_185;DESCR_185;type;category;subcat;producer;18500;usd;yes;no_image.png
186;TEST_186;DESCR_186;type;category;subcat;producer;18600;usd;yes;no_image.png
187;TEST_187;DESCR_187;type;category;subcat;producer;18700;usd;yes;no_image.png
188;TEST_188;DESCR_188;type;category;subcat;producer;18800;usd;yes;no_image.png
189;TEST_189;DESCR_189;type;category;subcat;producer;18900;usd;yes;no_image.png
190;TEST_190;DESCR_190;type;category;subcat;producer;19000;usd;yes;no_image.png
191;TEST_191;DESCR_191;type;category;subcat;producer;19100;usd;yes;no_image.png
192;TEST_192;DESCR_192;type;category;subcat;producer;19200;usd;yes;no_image.png
193;TEST_193;DESCR_193;type;category;subcat;producer;19300;usd;yes;no_image.png
194;TEST_194;DESCR_194;type;category;subcat;producer;19400;usd;yes;no_image.png
195;TEST_195;DESCR_195;type;category;subcat;producer;19500;usd;yes;no_image.png
196;TEST_196;DESCR_196;type;category;subcat;producer;19600;usd;yes;no_image.png
197;TEST_197;DESCR_197;type;category;subcat;producer;19700;usd;yes;no_image.png
198;TEST_198;DESCR_198;type;category;subcat;producer;19800;usd;yes;no_image.png
199;TEST_199;DESCR_199;type;category;subcat;producer;19900;usd;yes;no_image.png
200;TEST_200;DESCR_200;type;category;subcat;producer;20000;usd;yes;no_image.png
201;TEST_201;DESCR_201;type;category;subcat;producer;20100;usd;yes;no_image.png
202;TEST_202;DESCR_202;type;category;subcat;producer;20200;usd;yes;no_image.png
203;TEST_203;DESCR_203;type;category;subcat;producer;20300;usd;yes;no_image.png
204;TEST_204;DESCR_204;type;category;subcat;producer;20400;usd;yes;no_image.png
205;TEST_205;DESCR_205;type;category;subcat;producer;20500;usd;yes;no_image.png
206;TEST_206;DESCR_206;type;category;subcat;producer;20600;usd;yes;no_image.png
207;TEST_207;DESCR_207;type;category;subcat;producer;20700;usd;yes;no_image.png
208;TEST_208;DESCR_208;type;category;subcat;producer;20800;usd;yes;no_image.png
209;TEST_209;DESCR_209;type;category;subcat;producer;20900;usd;yes;no_image.png
210;TEST_210;DESCR_210;type;category;subcat;producer;21000;usd;yes;no_image.png
211;TEST_211;DESCR_211;type;category;subcat;producer;21100;usd;yes;no_image.png
212;TEST_212;DESCR_212;type;category;subcat;producer;21200;usd;yes;no_image.png
213;TEST_213;DESCR_213;type;category;subcat;producer;21300;usd;yes;no_image.png
214;TEST_214;DESCR_214;type;category;subcat;producer;21400;usd;yes;no_image.png
215;TEST_215;DESCR_215;type;category;subcat;producer;21500;usd;yes;no_image.png
216;TEST_216;DESCR_216;type;category;subcat;producer;21600;usd;yes;no_image.png
217;TEST_217;DESCR_217;type;category;subcat;producer;21700;usd;yes;no_image.png
218;TEST_218;DESCR_218;type;category;subcat;producer;21800;usd;yes;no_image.png
219;TEST_219;DESCR_219;type;category;subcat;producer;21900;usd;yes;no_image.png
220;TEST_220;DESCR_220;type;category;subcat;producer;22000;usd;yes;no_image.png
221;TEST_221;DESCR_221;type;category;subcat;producer;22100;usd;yes;no_image.png
222;TEST_222;DESCR_222;type;category;subcat;producer;22200;usd;yes;no_image.png
223;TEST_223;DESCR_223;type;category;subcat;producer;22300;usd;yes;no_image.png
224;TEST_224;DESCR_224;type;category;subcat;producer;22400;usd;yes;no_image.png
225;TEST_225;DESCR_225;type;category;subcat;producer;22500;usd;yes;no_image.png
226;TEST_226;DESCR_226;type;category;subcat;producer;22600;usd;yes;no_image.png
227;TEST_227;DESCR_227;type;category;subcat;producer;22700;usd;yes;no_image.png
228;TEST_228;DESCR_228;type;category;subcat;producer;22800;usd;yes;no_image.png
229;TEST_229;DESCR_229;type;category;subcat;producer;22900;usd;yes;no_image.png
230;TEST_230;DESCR_230;type;category;subcat;producer;23000;usd;yes;no_image.png
231;TEST_231;DESCR_231;type;category;subcat;producer;23100;usd;yes;no_image.png
232;TEST_232;DESCR_232;type;category;subcat;producer;23200;usd;yes;no_image.png
233;TEST_233;DESCR_233;type;category;subcat;producer;23300;usd;yes;no_image.png
234;TEST_234;DESCR_234;type;category;subcat;producer;23400;usd;yes;no_image.png
235;TEST_235;DESCR_235;type;category;subcat;producer;23500;usd;yes;no_image.png
236;TEST_236;DESCR_236;type;category;subcat;producer;23600;usd;yes;no_image.png
237;TEST_237;DESCR_237;type;category;subcat;producer;23700;usd;yes;no_image.png
238;TEST_238;DESCR_238;type;category;subcat;producer;23800;usd;yes;no_image.png
239;TEST_239;DESCR_239;type;category;subcat;producer;23900;usd;yes;no_image.png
240;TEST_240;DESCR_240;type;category;subcat;producer;24000;usd;yes;no_image.png
241;TEST_241;DESCR_241;type;category;subcat;producer;24100;usd;yes;no_image.png
242;TEST_242;DESCR_242;type;category;subcat;producer;24200;usd;yes;no_image.png
243;TEST_243;DESCR_243;type;category;subcat;producer;24300;usd;yes;no_image.png
244;TEST_244;DESCR_244;type;category;subcat;producer;24400;usd;yes;no_image.png
245;TEST_245;DESCR_245;type;category;subcat;producer;24500;usd;yes;no_image.png
246;TEST_246;DESCR_246;type;category;subcat;producer;24600;usd;yes;no_image.png
247;TEST_247;DESCR_247;type;category;subcat;producer;24700;usd;yes;no_image.png
248;TEST_248;DESCR_248;type;category;subcat;producer;24800;usd;yes;no_image.png
249;TEST_249;DESCR_249;type;category;subcat;producer;24900;usd;yes;no_image.png
250;TEST_250;DESCR_250;type;category;subcat;producer;25000;usd;yes;no_image.png
251;TEST_251;DESCR_251;type;category;subcat;producer;25100;usd;yes;no_image.png
252;TEST_252;DESCR_252;type;category;subcat;producer;25200;usd;yes;no_image.png
253;TEST_253;DESCR_253;type;category;subcat;producer;25300;usd;yes;no_image.png
254;TEST_254;DESCR_254;type;category;subcat;producer;25400;usd;yes;no_image.png
255;TEST_255;DESCR_255;type;category;subcat;producer;25500;usd;yes;no_image.png
256;TEST_256;DESCR_256;type;category;subcat;producer;25600;usd;yes;no_image.png
257;TEST_257;DESCR_257;type;category;subcat;producer;25700;usd;yes;no_image.png
258;TEST_258;DESCR_258;type;category;subcat;producer;25800;usd;yes;no_image.png
259;TEST_259;DESCR_259;type;category;subcat;producer;25900;usd;yes;no_image.png
260;TEST_260;DESCR_260;type;category;subcat;producer;26000;usd;yes;no_image.png
261;TEST_261;DESCR_261;type;category;subcat;producer;26100;usd;yes;no_image.png
262;TEST_262;DESCR_262;type;category;subcat;producer;26200;usd;yes;no_image.png
263;TEST_263;DESCR_263;type;category;subcat;producer;26300;usd;yes;no_image.png
264;TEST_264;DESCR_264;type;category;subcat;producer;26400;usd;yes;no_image.png
265;TEST_265;DESCR_265;type;category;subcat;producer;26500;usd;yes;no_image.png
266;TEST_266;DESCR_266;type;category;subcat;producer;26600;usd;yes;no_image.png
267;TEST_267;DESCR_267;type;category;subcat;producer;26700;usd;yes;no_image.png
268;TEST_268;DESCR_268;type;category;subcat;producer;26800;usd;yes;no_image.png
269;TEST_269;DESCR_269;type;category;subcat;producer;26900;usd;yes;no_image.png
270;TEST_270;DESCR_270;type;category;subcat;producer;27000;usd;yes;no_image.png
271;TEST_271;DESCR_271;type;category;subcat;producer;27100;usd;yes;no_image.png
272;TEST_272;DESCR_272;type;category;subcat;producer;27200;usd;yes;no_image.png
273;TEST_273;DESCR_273;type;category;subcat;producer;27300;usd;yes;no_image.png
274;TEST_274;DESCR_274;type;category;subcat;producer;27400;usd;yes;no_image.png
275;TEST_275;DESCR_275;type;category;subcat;producer;27500;usd;yes;no_image.png
276;TEST_276;DESCR_276;type;category;subcat;producer;27600;usd;yes;no_image.png
277;TEST_277;DESCR_277;type;category;subcat;producer;27700;usd;yes;no_image.png
278;TEST_278;DESCR_278;type;category;subcat;producer;27800;usd;yes;no_image.png
279;TEST_279;DESCR_279;type;category;subcat;producer;27900;usd;yes;no_image.png
280;TEST_280;DESCR_280;type;category;subcat;producer;28000;usd;yes;no_image.png
281;TEST_281;DESCR_281;type;category;subcat;producer;28100;usd;yes;no_image.png
282;TEST_282;DESCR_282;type;category;subcat;producer;28200;usd;yes;no_image.png
283;TEST_283;DESCR_283;type;category;subcat;producer;28300;usd;yes;no_image.png
284;TEST_284;DESCR_284;type;category;subcat;producer;28400;usd;yes;no_image.png
285;TEST_285;DESCR_285;type;category;subcat;producer;28500;usd;yes;no_image.png
286;TEST_286;DESCR_286;type;category;subcat;producer;28600;usd;yes;no_image.png
287;TEST_287;DESCR_287;type;category;subcat;producer;28700;usd;yes;no_image.png
288;TEST_288;DESCR_288;type;category;subcat;producer;28800;usd;yes;no_image.png
289;TEST_289;DESCR_289;type;category;subcat;producer;28900;usd;yes;no_image.png
290;TEST_290;DESCR_290;type;category;subcat;producer;29000;usd;yes;no_image.png
291;TEST_291;DESCR_291;type;category;subcat;producer;29100;usd;yes;no_image.png
292;TEST_292;DESCR_292;type;category;subcat;producer;29200;usd;yes;no_image.png
293;TEST_293;DESCR_293;type;category;subcat;producer;29300;usd;yes;no_image.png
294;TEST_294;DESCR_294;type;category;subcat;producer;29400;usd;yes;no_image.png
295;TEST_295;DESCR_295;type;category;subcat;producer;29500;usd;yes;no_image.png
296;TEST_296;DESCR_296;type;category;subcat;producer;29600;usd;yes;no_image.png
297;TEST_297;DESCR_297;type;category;subcat;producer;29700;usd;yes;no_image.png
298;TEST_298;DESCR_298;type;category;subcat;producer;29800;usd;yes;no_image.png
299;TEST_299;DESCR_299;type;category;subcat;producer;29900;usd;yes;no_image.png
300;TEST_300;DESCR_300;type;category;subcat;producer;30000;usd;yes;no_image.png
301;TEST_301;DESCR_301;type;category;subcat;producer;30100;usd;yes;no_image.png
302;TEST_302;DESCR_302;type;category;subcat;producer;30200;usd;yes;no_image.png
303;TEST_303;DESCR_303;type;category;subcat;producer;30300;usd;yes;no_image.png
304;TEST_304;DESCR_304;type;category;subcat;producer;30400;usd;yes;no_image.png
305;TEST_305;DESCR_305;type;category;subcat;producer;30500;usd;yes;no_image.png
306;TEST_306;DESCR_306;type;category;subcat;producer;30600;usd;yes;no_image.png
307;TEST_307;DESCR_307;type;category;subcat;producer;30700;usd;yes;no_image.png
308;TEST_308;DESCR_308;type;category;subcat;producer;30800;usd;yes;no_image.png
309;TEST_309;DESCR_309;type;category;subcat;producer;30900;usd;yes;no_image.png
310;TEST_310;DESCR_310;type;category;subcat;producer;31000;usd;yes;no_image.png
311;TEST_311;DESCR_311;type;category;subcat;producer;31100;usd;yes;no_image.png
312;TEST_312;DESCR_312;type;category;subcat;producer;31200;usd;yes;no_image.png
313;TEST_313;DESCR_313;type;category;subcat;producer;31300;usd;yes;no_image.png
314;TEST_314;DESCR_314;type;category;subcat;producer;31400;usd;yes;no_image.png
315;TEST_315;DESCR_315;type;category;subcat;producer;31500;usd;yes;no_image.png
316;TEST_316;DESCR_316;type;category;subcat;producer;31600;usd;yes;no_image.png
317;TEST_317;DESCR_317;type;category;subcat;producer;31700;usd;yes;no_image.png
318;TEST_318;DESCR_318;type;category;subcat;producer;31800;usd;yes;no_image.png
319;TEST_319;DESCR_319;type;category;subcat;producer;31900;usd;yes;no_image.png
320;TEST_320;DESCR_320;type;category;subcat;producer;32000;usd;yes;no_image.png
321;TEST_321;DESCR_321;type;category;subcat;producer;32100;usd;yes;no_image.png
322;TEST_322;DESCR_322;type;category;subcat;producer;32200;usd;yes;no_image.png
323;TEST_323;DESCR_323;type;category;subcat;producer;32300;usd;yes;no_image.png
324;TEST_324;DESCR_324;type;category;subcat;producer;32400;usd;yes;no_image.png
325;TEST_325;DESCR_325;type;category;subcat;producer;32500;usd;yes;no_image.png
326;TEST_326;DESCR_326;type;category;subcat;producer;32600;usd;yes;no_image.png
327;TEST_327;DESCR_327;type;category;subcat;producer;32700;usd;yes;no_image.png
328;TEST_328;DESCR_328;type;category;subcat;producer;32800;usd;yes;no_image.png
329;TEST_329;DESCR_329;type;category;subcat;producer;32900;usd;yes;no_image.png
330;TEST_330;DESCR_330;type;category;subcat;producer;33000;usd;yes;no_image.png
331;TEST_331;DESCR_331;type;category;subcat;producer;33100;usd;yes;no_image.png
332;TEST_332;DESCR_332;type;category;subcat;producer;33200;usd;yes;no_image.png
333;TEST_333;DESCR_333;type;category;subcat;producer;33300;usd;yes;no_image.png
334;TEST_334;DESCR_334;type;category;subcat;producer;33400;usd;yes;no_image.png
335;TEST_335;DESCR_335;type;category;subcat;producer;33500;usd;yes;no_image.png
336;TEST_336;DESCR_336;type;category;subcat;producer;33600;usd;yes;no_image.png
337;TEST_337;DESCR_337;type;category;subcat;producer;33700;usd;yes;no_image.png
338;TEST_338;DESCR_338;type;category;subcat;producer;33800;usd;yes;no_image.png
339;TEST_339;DESCR_339;type;category;subcat;producer;33900;usd;yes;no_image.png
340;TEST_340;DESCR_340;type;category;subcat;producer;34000;usd;yes;no_image.png
341;TEST_341;DESCR_341;type;category;subcat;producer;34100;usd;yes;no_image.png
342;TEST_342;DESCR_342;type;category;subcat;producer;34200;usd;yes;no_image.png
343;TEST_343;DESCR_343;type;category;subcat;producer;34300;usd;yes;no_image.png
344;TEST_344;DESCR_344;type;category;subcat;producer;34400;usd;yes;no_image.png
345;TEST_345;DESCR_345;type;category;subcat;producer;34500;usd;yes;no_image.png
346;TEST_346;DESCR_346;type;category;subcat;producer;34600;usd;yes;no_image.png
347;TEST_347;DESCR_347;type;category;subcat;producer;34700;usd;yes;no_image.png
348;TEST_348;DESCR_348;type;category;subcat;producer;34800;usd;yes;no_image.png
349;TEST_349;DESCR_349;type;category;subcat;producer;34900;usd;yes;no_image.png
350;TEST_350;DESCR_350;type;category;subcat;producer;35000;usd;yes;no_image.png
351;TEST_351;DESCR_351;type;category;subcat;producer;35100;usd;yes;no_image.png
352;TEST_352;DESCR_352;type;category;subcat;producer;35200;usd;yes;no_image.png
353;TEST_353;DESCR_353;type;category;subcat;producer;35300;usd;yes;no_image.png
354;TEST_354;DESCR_354;type;category;subcat;producer;35400;usd;yes;no_image.png
355;TEST_355;DESCR_355;type;category;subcat;producer;35500;usd;yes;no_image.png
356;TEST_356;DESCR_356;type;category;subcat;producer;35600;usd;yes;no_image.png
357;TEST_357;DESCR_357;type;category;subcat;producer;35700;usd;yes;no_image.png
358;TEST_358;DESCR_358;type;category;subcat;producer;35800;usd;yes;no_image.png
359;TEST_359;DESCR_359;type;category;subcat;producer;35900;usd;yes;no_image.png
360;TEST_360;DESCR_360;type;category;subcat;producer;36000;usd;yes;no_image.png
361;TEST_361;DESCR_361;type;category;subcat;producer;36100;usd;yes;no_image.png
362;TEST_362;DESCR_362;type;category;subcat;producer;36200;usd;yes;no_image.png
363;TEST_363;DESCR_363;type;category;subcat;producer;36300;usd;yes;no_image.png
364;TEST_364;DESCR_364;type;category;subcat;producer;36400;usd;yes;no_image.png
365;TEST_365;DESCR_365;type;category;subcat;producer;36500;usd;yes;no_image.png
366;TEST_366;DESCR_366;type;category;subcat;producer;36600;usd;yes;no_image.png
367;TEST_367;DESCR_367;type;category;subcat;producer;36700;usd;yes;no_image.png
368;TEST_368;DESCR_368;type;category;subcat;producer;36800;usd;yes;no_image.png
369;TEST_369;DESCR_369;type;category;subcat;producer;36900;usd;yes;no_image.png
370;TEST_370;DESCR_370;type;category;subcat;producer;37000;usd;yes;no_image.png
371;TEST_371;DESCR_371;type;category;subcat;producer;37100;usd;yes;no_image.png
372;TEST_372;DESCR_372;type;category;subcat;producer;37200;usd;yes;no_image.png
373;TEST_373;DESCR_373;type;category;subcat;producer;37300;usd;yes;no_image.png
374;TEST_374;DESCR_374;type;category;subcat;producer;37400;usd;yes;no_image.png
375;TEST_375;DESCR_375;type;category;subcat;producer;37500;usd;yes;no_image.png
376;TEST_376;DESCR_376;type;category;subcat;producer;37600;usd;yes;no_image.png
377;TEST_377;DESCR_377;type;category;subcat;producer;37700;usd;yes;no_image.png
378;TEST_378;DESCR_378;type;category;subcat;producer;37800;usd;yes;no_image.png
379;TEST_379;DESCR_379;type;category;subcat;producer;37900;usd;yes;no_image.png
380;TEST_380;DESCR_380;type;category;subcat;producer;38000;usd;yes;no_image.png
381;TEST_381;DESCR_381;type;category;subcat;producer;38100;usd;yes;no_image.png
382;TEST_382;DESCR_382;type;category;subcat;producer;38200;usd;yes;no_image.png
383;TEST_383;DESCR_383;type;category;subcat;producer;38300;usd;yes;no_image.png
384;TEST_384;DESCR_384;type;category;subcat;producer;38400;usd;yes;no_image.png
385;TEST_385;DESCR_385;type;category;subcat;producer;38500;usd;yes;no_image.png
386;TEST_386;DESCR_386;type;category;subcat;producer;38600;usd;yes;no_image.png
387;TEST_387;DESCR_387;type;category;subcat;producer;38700;usd;yes;no_image.png
388;TEST_388;DESCR_388;type;category;subcat;producer;38800;usd;yes;no_image.png
389;TEST_389;DESCR_389;type;category;subcat;producer;38900;usd;yes;no_image.png
390;TEST_390;DESCR_390;type;category;subcat;producer;39000;usd;yes;no_image.png
391;TEST_391;DESCR_391;type;category;subcat;producer;39100;usd;yes;no_image.png
392;TEST_392;DESCR_392;type;category;subcat;producer;39200;usd;yes;no_image.png
393;TEST_393;DESCR_393;type;category;subcat;producer;39300;usd;yes;no_image.png
394;TEST_394;DESCR_394;type;category;subcat;producer;39400;usd;yes;no_image.png
395;TEST_395;DESCR_395;type;category;subcat;producer;39500;usd;yes;no_image.png
396;TEST_396;DESCR_396;type;category;subcat;producer;39600;usd;yes;no_image.png
397;TEST_397;DESCR_397;type;category;subcat;producer;39700;usd;yes;no_image.png
398;TEST_398;DESCR_398;type;category;subcat;producer;39800;usd;yes;no_image.png
399;TEST_399;DESCR_399;type;category;subcat;producer;39900;usd;yes;no_image.png
400;TEST_400;DESCR_400;type;category;subcat;producer;40000;usd;yes;no_image.png
401;TEST_401;DESCR_401;type;category;subcat;producer;40100;usd;yes;no_image.png
402;TEST_402;DESCR_402;type;category;subcat;producer;40200;usd;yes;no_image.png
403;TEST_403;DESCR_403;type;category;subcat;producer;40300;usd;yes;no_image.png
404;TEST_404;DESCR_404;type;category;subcat;producer;40400;usd;yes;no_image.png
405;TEST_405;DESCR_405;type;category;subcat;producer;40500;usd;yes;no_image.png
406;TEST_406;DESCR_406;type;category;subcat;producer;40600;usd;yes;no_image.png
407;TEST_407;DESCR_407;type;category;subcat;producer;40700;usd;yes;no_image.png
408;TEST_408;DESCR_408;type;category;subcat;producer;40800;usd;yes;no_image.png
409;TEST_409;DESCR_409;type;category;subcat;producer;40900;usd;yes;no_image.png
410;TEST_410;DESCR_410;type;category;subcat;producer;41000;usd;yes;no_image.png
411;TEST_411;DESCR_411;type;category;subcat;producer;41100;usd;yes;no_image.png
412;TEST_412;DESCR_412;type;category;subcat;producer;41200;usd;yes;no_image.png
413;TEST_413;DESCR_413;type;category;subcat;producer;41300;usd;yes;no_image.png
414;TEST_414;DESCR_414;type;category;subcat;producer;41400;usd;yes;no_image.png
415;TEST_415;DESCR_415;type;category;subcat;producer;41500;usd;yes;no_image.png
416;TEST_416;DESCR_416;type;category;subcat;producer;41600;usd;yes;no_image.png
417;TEST_417;DESCR_417;type;category;subcat;producer;41700;usd;yes;no_image.png
418;TEST_418;DESCR_418;type;category;subcat;producer;41800;usd;yes;no_image.png
419;TEST_419;DESCR_419;type;category;subcat;producer;41900;usd;yes;no_image.png
420;TEST_420;DESCR_420;type;category;subcat;producer;42000;usd;yes;no_image.png
421;TEST_421;DESCR_421;type;category;subcat;producer;42100;usd;yes;no_image.png
422;TEST_422;DESCR_422;type;category;subcat;producer;42200;usd;yes;no_image.png
423;TEST_423;DESCR_423;type;category;subcat;producer;42300;usd;yes;no_image.png
424;TEST_424;DESCR_424;type;category;subcat;producer;42400;usd;yes;no_image.png
425;TEST_425;DESCR_425;type;category;subcat;producer;42500;usd;yes;no_image.png
426;TEST_426;DESCR_426;type;category;subcat;producer;42600;usd;yes;no_image.png
427;TEST_427;DESCR_427;type;category;subcat;producer;42700;usd;yes;no_image.png
428;TEST_428;DESCR_428;type;category;subcat;producer;42800;usd;yes;no_image.png
429;TEST_429;DESCR_429;type;category;subcat;producer;42900;usd;yes;no_image.png
430;TEST_430;DESCR_430;type;category;subcat;producer;43000;usd;yes;no_image.png
431;TEST_431;DESCR_431;type;category;subcat;producer;43100;usd;yes;no_image.png
432;TEST_432;DESCR_432;type;category;subcat;producer;43200;usd;yes;no_image.png
433;TEST_433;DESCR_433;type;category;subcat;producer;43300;usd;yes;no_image.png
434;TEST_434;DESCR_434;type;category;subcat;producer;43400;usd;yes;no_image.png
435;TEST_435;DESCR_435;type;category;subcat;producer;43500;usd;yes;no_image.png
436;TEST_436;DESCR_436;type;category;subcat;producer;43600;usd;yes;no_image.png
437;TEST_437;DESCR_437;type;category;subcat;producer;43700;usd;yes;no_image.png
438;TEST_438;DESCR_438;type;category;subcat;producer;43800;usd;yes;no_image.png
439;TEST_439;DESCR_439;type;category;subcat;producer;43900;usd;yes;no_image.png
440;TEST_440;DESCR_440;type;category;subcat;producer;44000;usd;yes;no_image.png
441;TEST_441;DESCR_441;type;category;subcat;producer;44100;usd;yes;no_image.png
442;TEST_442;DESCR_442;type;category;subcat;producer;44200;usd;yes;no_image.png
443;TEST_443;DESCR_443;type;category;subcat;producer;44300;usd;yes;no_image.png
444;TEST_444;DESCR_444;type;category;subcat;producer;44400;usd;yes;no_image.png
445;TEST_445;DESCR_445;type;category;subcat;producer;44500;usd;yes;no_image.png
446;TEST_446;DESCR_446;type;category;subcat;producer;44600;usd;yes;no_image.png
447;TEST_447;DESCR_447;type;category;subcat;producer;44700;usd;yes;no_image.png
448;TEST_448;DESCR_448;type;category;subcat;producer;44800;usd;yes;no_image.png
449;TEST_449;DESCR_449;type;category;subcat;producer;44900;usd;yes;no_image.png
450;TEST_450;DESCR_450;type;category;subcat;producer;45000;usd;yes;no_image.png
451;TEST_451;DESCR_451;type;category;subcat;producer;45100;usd;yes;no_image.png
452;TEST_452;DESCR_452;type;category;subcat;producer;45200;usd;yes;no_image.png
453;TEST_453;DESCR_453;type;category;subcat;producer;45300;usd;yes;no_image.png
454;TEST_454;DESCR_454;type;category;subcat;producer;45400;usd;yes;no_image.png
455;TEST_455;DESCR_455;type;category;subcat;producer;45500;usd;yes;no_image.png
456;TEST_456;DESCR_456;type;category;subcat;producer;45600;usd;yes;no_image.png
457;TEST_457;DESCR_457;type;category;subcat;producer;45700;usd;yes;no_image.png
458;TEST_458;DESCR_458;type;category;subcat;producer;45800;usd;yes;no_image.png
459;TEST_459;DESCR_459;type;category;subcat;producer;45900;usd;yes;no_image.png
460;TEST_460;DESCR_460;type;category;subcat;producer;46000;usd;yes;no_image.png
461;TEST_461;DESCR_461;type;category;subcat;producer;46100;usd;yes;no_image.png
462;TEST_462;DESCR_462;type;category;subcat;producer;46200;usd;yes;no_image.png
463;TEST_463;DESCR_463;type;category;subcat;producer;46300;usd;yes;no_image.png
464;TEST_464;DESCR_464;type;category;subcat;producer;46400;usd;yes;no_image.png
465;TEST_465;DESCR_465;type;category;subcat;producer;46500;usd;yes;no_image.png
466;TEST_466;DESCR_466;type;category;subcat;producer;46600;usd;yes;no_image.png
467;TEST_467;DESCR_467;type;category;subcat;producer;46700;usd;yes;no_image.png
468;TEST_468;DESCR_468;type;category;subcat;producer;46800;usd;yes;no_image.png
469;TEST_469;DESCR_469;type;category;subcat;producer;46900;usd;yes;no_image.png
470;TEST_470;DESCR_470;type;category;subcat;producer;47000;usd;yes;no_image.png
471;TEST_471;DESCR_471;type;category;subcat;producer;47100;usd;yes;no_image.png
472;TEST_472;DESCR_472;type;category;subcat;producer;47200;usd;yes;no_image.png
473;TEST_473;DESCR_473;type;category;subcat;producer;47300;usd;yes;no_image.png
474;TEST_474;DESCR_474;type;category;subcat;producer;47400;usd;yes;no_image.png
475;TEST_475;DESCR_475;type;category;subcat;producer;47500;usd;yes;no_image.png
476;TEST_476;DESCR_476;type;category;subcat;producer;47600;usd;yes;no_image.png
477;TEST_477;DESCR_477;type;category;subcat;producer;47700;usd;yes;no_image.png
478;TEST_478;DESCR_478;type;category;subcat;producer;47800;usd;yes;no_image.png
479;TEST_479;DESCR_479;type;category;subcat;producer;47900;usd;yes;no_image.png
480;TEST_480;DESCR_480;type;category;subcat;producer;48000;usd;yes;no_image.png
481;TEST_481;DESCR_481;type;category;subcat;producer;48100;usd;yes;no_image.png
482;TEST_482;DESCR_482;type;category;subcat;producer;48200;usd;yes;no_image.png
483;TEST_483;DESCR_483;type;category;subcat;producer;48300;usd;yes;no_image.png
484;TEST_484;DESCR_484;type;category;subcat;producer;48400;usd;yes;no_image.png
485;TEST_485;DESCR_485;type;category;subcat;producer;48500;usd;yes;no_image.png
486;TEST_486;DESCR_486;type;category;subcat;producer;48600;usd;yes;no_image.png
487;TEST_487;DESCR_487;type;category;subcat;producer;48700;usd;yes;no_image.png
488;TEST_488;DESCR_488;type;category;subcat;producer;48800;usd;yes;no_image.png
489;TEST_489;DESCR_489;type;category;subcat;producer;48900;usd;yes;no_image.png
490;TEST_490;DESCR_490;type;category;subcat;producer;49000;usd;yes;no_image.png
491;TEST_491;DESCR_491;type;category;subcat;producer;49100;usd;yes;no_image.png
492;TEST_492;DESCR_492;type;category;subcat;producer;49200;usd;yes;no_image.png
493;TEST_493;DESCR_493;type;category;subcat;producer;49300;usd;yes;no_image.png
494;TEST_494;DESCR_494;type;category;subcat;producer;49400;usd;yes;no_image.png
495;TEST_495;DESCR_495;type;category;subcat;producer;49500;usd;yes;no_image.png
496;TEST_496;DESCR_496;type;category;subcat;producer;49600;usd;yes;no_image.png
497;TEST_497;DESCR_497;type;category;subcat;producer;49700;usd;yes;no_image.png
498;TEST_498;DESCR_498;type;category;subcat;producer;49800;usd;yes;no_image.png
499;TEST_499;DESCR_499;type;category;subcat;producer;49900;usd;yes;no_image.png
500;TEST_500;DESCR_500;type;category;subcat;producer;50000;usd;yes;no_image.png
501;TEST_501;DESCR_501;type;category;subcat;producer;50100;usd;yes;no_image.png
502;TEST_502;DESCR_502;type;category;subcat;producer;50200;usd;yes;no_image.png
503;TEST_503;DESCR_503;type;category;subcat;producer;50300;usd;yes;no_image.png
504;TEST_504;DESCR_504;type;category;subcat;producer;50400;usd;yes;no_image.png
505;TEST_505;DESCR_505;type;category;subcat;producer;50500;usd;yes;no_image.png
506;TEST_506;DESCR_506;type;category;subcat;producer;50600;usd;yes;no_image.png
507;TEST_507;DESCR_507;type;category;subcat;producer;50700;usd;yes;no_image.png
508;TEST_508;DESCR_508;type;category;subcat;producer;50800;usd;yes;no_image.png
509;TEST_509;DESCR_509;type;category;subcat;producer;50900;usd;yes;no_image.png
510;TEST_510;DESCR_510;type;category;subcat;producer;51000;usd;yes;no_image.png
511;TEST_511;DESCR_511;type;category;subcat;producer;51100;usd;yes;no_image.png
512;TEST_512;DESCR_512;type;category;subcat;producer;51200;usd;yes;no_image.png
513;TEST_513;DESCR_513;type;category;subcat;producer;51300;usd;yes;no_image.png
514;TEST_514;DESCR_514;type;category;subcat;producer;51400;usd;yes;no_image.png
515;TEST_515;DESCR_515;type;category;subcat;producer;51500;usd;yes;no_image.png
516;TEST_516;DESCR_516;type;category;subcat;producer;51600;usd;yes;no_image.png
517;TEST_517;DESCR_517;type;category;subcat;producer;51700;usd;yes;no_image.png
518;TEST_518;DESCR_518;type;category;subcat;producer;51800;usd;yes;no_image.png
519;TEST_519;DESCR_519;type;category;subcat;producer;51900;usd;yes;no_image.png
520;TEST_520;DESCR_520;type;category;subcat;producer;52000;usd;yes;no_image.png
521;TEST_521;DESCR_521;type;category;subcat;producer;52100;usd;yes;no_image.png
522;TEST_522;DESCR_522;type;category;subcat;producer;52200;usd;yes;no_image.png
523;TEST_523;DESCR_523;type;category;subcat;producer;52300;usd;yes;no_image.png
524;TEST_524;DESCR_524;type;category;subcat;producer;52400;usd;yes;no_image.png
525;TEST_525;DESCR_525;type;category;subcat;producer;52500;usd;yes;no_image.png
526;TEST_526;DESCR_526;type;category;subcat;producer;52600;usd;yes;no_image.png
527;TEST_527;DESCR_527;type;category;subcat;producer;52700;usd;yes;no_image.png
528;TEST_528;DESCR_528;type;category;subcat;producer;52800;usd;yes;no_image.png
529;TEST_529;DESCR_529;type;category;subcat;producer;52900;usd;yes;no_image.png
530;TEST_530;DESCR_530;type;category;subcat;producer;53000;usd;yes;no_image.png
531;TEST_531;DESCR_531;type;category;subcat;producer;53100;usd;yes;no_image.png
532;TEST_532;DESCR_532;type;category;subcat;producer;53200;usd;yes;no_image.png
533;TEST_533;DESCR_533;type;category;subcat;producer;53300;usd;yes;no_image.png
534;TEST_534;DESCR_534;type;category;subcat;producer;53400;usd;yes;no_image.png
535;TEST_535;DESCR_535;type;category;subcat;producer;53500;usd;yes;no_image.png
536;TEST_536;DESCR_536;type;category;subcat;producer;53600;usd;yes;no_image.png
537;TEST_537;DESCR_537;type;category;subcat;producer;53700;usd;yes;no_image.png
538;TEST_538;DESCR_538;type;category;subcat;producer;53800;usd;yes;no_image.png
539;TEST_539;DESCR_539;type;category;subcat;producer;53900;usd;yes;no_image.png
540;TEST_540;DESCR_540;type;category;subcat;producer;54000;usd;yes;no_image.png
541;TEST_541;DESCR_541;type;category;subcat;producer;54100;usd;yes;no_image.png
542;TEST_542;DESCR_542;type;category;subcat;producer;54200;usd;yes;no_image.png
543;TEST_543;DESCR_543;type;category;subcat;producer;54300;usd;yes;no_image.png
544;TEST_544;DESCR_544;type;category;subcat;producer;54400;usd;yes;no_image.png
545;TEST_545;DESCR_545;type;category;subcat;producer;54500;usd;yes;no_image.png
546;TEST_546;DESCR_546;type;category;subcat;producer;54600;usd;yes;no_image.png
547;TEST_547;DESCR_547;type;category;subcat;producer;54700;usd;yes;no_image.png
548;TEST_548;DESCR_548;type;category;subcat;producer;54800;usd;yes;no_image.png
549;TEST_549;DESCR_549;type;category;subcat;producer;54900;usd;yes;no_image.png
550;TEST_550;DESCR_550;type;category;subcat;producer;55000;usd;yes;no_image.png
551;TEST_551;DESCR_551;type;category;subcat;producer;55100;usd;yes;no_image.png
552;TEST_552;DESCR_552;type;category;subcat;producer;55200;usd;yes;no_image.png
553;TEST_553;DESCR_553;type;category;subcat;producer;55300;usd;yes;no_image.png
554;TEST_554;DESCR_554;type;category;subcat;producer;55400;usd;yes;no_image.png
555;TEST_555;DESCR_555;type;category;subcat;producer;55500;usd;yes;no_image.png
556;TEST_556;DESCR_556;type;category;subcat;producer;55600;usd;yes;no_image.png
557;TEST_557;DESCR_557;type;category;subcat;producer;55700;usd;yes;no_image.png
558;TEST_558;DESCR_558;type;category;subcat;producer;55800;usd;yes;no_image.png
559;TEST_559;DESCR_559;type;category;subcat;producer;55900;usd;yes;no_image.png
560;TEST_560;DESCR_560;type;category;subcat;producer;56000;usd;yes;no_image.png
561;TEST_561;DESCR_561;type;category;subcat;producer;56100;usd;yes;no_image.png
562;TEST_562;DESCR_562;type;category;subcat;producer;56200;usd;yes;no_image.png
563;TEST_563;DESCR_563;type;category;subcat;producer;56300;usd;yes;no_image.png
564;TEST_564;DESCR_564;type;category;subcat;producer;56400;usd;yes;no_image.png
565;TEST_565;DESCR_565;type;category;subcat;producer;56500;usd;yes;no_image.png
566;TEST_566;DESCR_566;type;category;subcat;producer;56600;usd;yes;no_image.png
567;TEST_567;DESCR_567;type;category;subcat;producer;56700;usd;yes;no_image.png
568;TEST_568;DESCR_568;type;category;subcat;producer;56800;usd;yes;no_image.png
569;TEST_569;DESCR_569;type;category;subcat;producer;56900;usd;yes;no_image.png
570;TEST_570;DESCR_570;type;category;subcat;producer;57000;usd;yes;no_image.png
571;TEST_571;DESCR_571;type;category;subcat;producer;57100;usd;yes;no_image.png
572;TEST_572;DESCR_572;type;category;subcat;producer;57200;usd;yes;no_image.png
573;TEST_573;DESCR_573;type;category;subcat;producer;57300;usd;yes;no_image.png
574;TEST_574;DESCR_574;type;category;subcat;producer;57400;usd;yes;no_image.png
575;TEST_575;DESCR_575;type;category;subcat;producer;57500;usd;yes;no_image.png
576;TEST_576;DESCR_576;type;category;subcat;producer;57600;usd;yes;no_image.png
577;TEST_577;DESCR_577;type;category;subcat;producer;57700;usd;yes;no_image.png
578;TEST_578;DESCR_578;type;category;subcat;producer;57800;usd;yes;no_image.png
579;TEST_579;DESCR_579;type;category;subcat;producer;57900;usd;yes;no_image.png
580;TEST_580;DESCR_580;type;category;subcat;producer;58000;usd;yes;no_image.png
581;TEST_581;DESCR_581;type;category;subcat;producer;58100;usd;yes;no_image.png
582;TEST_582;DESCR_582;type;category;subcat;producer;58200;usd;yes;no_image.png
583;TEST_583;DESCR_583;type;category;subcat;producer;58300;usd;yes;no_image.png
584;TEST_584;DESCR_584;type;category;subcat;producer;58400;usd;yes;no_image.png
585;TEST_585;DESCR_585;type;category;subcat;producer;58500;usd;yes;no_image.png
586;TEST_586;DESCR_586;type;category;subcat;producer;58600;usd;yes;no_image.png
587;TEST_587;DESCR_587;type;category;subcat;producer;58700;usd;yes;no_image.png
588;TEST_588;DESCR_588;type;category;subcat;producer;58800;usd;yes;no_image.png
589;TEST_589;DESCR_589;type;category;subcat;producer;58900;usd;yes;no_image.png
590;TEST_590;DESCR_590;type;category;subcat;producer;59000;usd;yes;no_image.png
591;TEST_591;DESCR_591;type;category;subcat;producer;59100;usd;yes;no_image.png
592;TEST_592;DESCR_592;type;category;subcat;producer;59200;usd;yes;no_image.png
593;TEST_593;DESCR_593;type;category;subcat;producer;59300;usd;yes;no_image.png
594;TEST_594;DESCR_594;type;category;subcat;producer;59400;usd;yes;no_image.png
595;TEST_595;DESCR_595;type;category;subcat;producer;59500;usd;yes;no_image.png
596;TEST_596;DESCR_596;type;category;subcat;producer;59600;usd;yes;no_image.png
597;TEST_597;DESCR_597;type;category;subcat;producer;59700;usd;yes;no_image.png
598;TEST_598;DESCR_598;type;category;subcat;producer;59800;usd;yes;no_image.png
599;TEST_599;DESCR_599;type;category;subcat;producer;59900;usd;yes;no_image.png
600;TEST_600;DESCR_600;type;category;subcat;producer;60000;usd;yes;no_image.png
601;TEST_601;DESCR_601;type;category;subcat;producer;60100;usd;yes;no_image.png
602;TEST_602;DESCR_602;type;category;subcat;producer;60200;usd;yes;no_image.png
603;TEST_603;DESCR_603;type;category;subcat;producer;60300;usd;yes;no_image.png
604;TEST_604;DESCR_604;type;category;subcat;producer;60400;usd;yes;no_image.png
605;TEST_605;DESCR_605;type;category;subcat;producer;60500;usd;yes;no_image.png
606;TEST_606;DESCR_606;type;category;subcat;producer;60600;usd;yes;no_image.png
607;TEST_607;DESCR_607;type;category;subcat;producer;60700;usd;yes;no_image.png
608;TEST_608;DESCR_608;type;category;subcat;producer;60800;usd;yes;no_image.png
609;TEST_609;DESCR_609;type;category;subcat;producer;60900;usd;yes;no_image.png
610;TEST_610;DESCR_610;type;category;subcat;producer;61000;usd;yes;no_image.png
611;TEST_611;DESCR_611;type;category;subcat;producer;61100;usd;yes;no_image.png
612;TEST_612;DESCR_612;type;category;subcat;producer;61200;usd;yes;no_image.png
613;TEST_613;DESCR_613;type;category;subcat;producer;61300;usd;yes;no_image.png
614;TEST_614;DESCR_614;type;category;subcat;producer;61400;usd;yes;no_image.png
615;TEST_615;DESCR_615;type;category;subcat;producer;61500;usd;yes;no_image.png
616;TEST_616;DESCR_616;type;category;subcat;producer;61600;usd;yes;no_image.png
617;TEST_617;DESCR_617;type;category;subcat;producer;61700;usd;yes;no_image.png
618;TEST_618;DESCR_618;type;category;subcat;producer;61800;usd;yes;no_image.png
619;TEST_619;DESCR_619;type;category;subcat;producer;61900;usd;yes;no_image.png
620;TEST_620;DESCR_620;type;category;subcat;producer;62000;usd;yes;no_image.png
621;TEST_621;DESCR_621;type;category;subcat;producer;62100;usd;yes;no_image.png
622;TEST_622;DESCR_622;type;category;subcat;producer;62200;usd;yes;no_image.png
623;TEST_623;DESCR_623;type;category;subcat;producer;62300;usd;yes;no_image.png
624;TEST_624;DESCR_624;type;category;subcat;producer;62400;usd;yes;no_image.png
625;TEST_625;DESCR_625;type;category;subcat;producer;62500;usd;yes;no_image.png
626;TEST_626;DESCR_626;type;category;subcat;producer;62600;usd;yes;no_image.png
627;TEST_627;DESCR_627;type;category;subcat;producer;62700;usd;yes;no_image.png
628;TEST_628;DESCR_628;type;category;subcat;producer;62800;usd;yes;no_image.png
629;TEST_629;DESCR_629;type;category;subcat;producer;62900;usd;yes;no_image.png
630;TEST_630;DESCR_630;type;category;subcat;producer;63000;usd;yes;no_image.png
631;TEST_631;DESCR_631;type;category;subcat;producer;63100;usd;yes;no_image.png
632;TEST_632;DESCR_632;type;category;subcat;producer;63200;usd;yes;no_image.png
633;TEST_633;DESCR_633;type;category;subcat;producer;63300;usd;yes;no_image.png
634;TEST_634;DESCR_634;type;category;subcat;producer;63400;usd;yes;no_image.png
635;TEST_635;DESCR_635;type;category;subcat;producer;63500;usd;yes;no_image.png
636;TEST_636;DESCR_636;type;category;subcat;producer;63600;usd;yes;no_image.png
637;TEST_637;DESCR_637;type;category;subcat;producer;63700;usd;yes;no_image.png
638;TEST_638;DESCR_638;type;category;subcat;producer;63800;usd;yes;no_image.png
639;TEST_639;DESCR_639;type;category;subcat;producer;63900;usd;yes;no_image.png
640;TEST_640;DESCR_640;type;category;subcat;producer;64000;usd;yes;no_image.png
641;TEST_641;DESCR_641;type;category;subcat;producer;64100;usd;yes;no_image.png
642;TEST_642;DESCR_642;type;category;subcat;producer;64200;usd;yes;no_image.png
643;TEST_643;DESCR_643;type;category;subcat;producer;64300;usd;yes;no_image.png
644;TEST_644;DESCR_644;type;category;subcat;producer;64400;usd;yes;no_image.png
645;TEST_645;DESCR_645;type;category;subcat;producer;64500;usd;yes;no_image.png
646;TEST_646;DESCR_646;type;category;subcat;producer;64600;usd;yes;no_image.png
647;TEST_647;DESCR_647;type;category;subcat;producer;64700;usd;yes;no_image.png
648;TEST_648;DESCR_648;type;category;subcat;producer;64800;usd;yes;no_image.png
649;TEST_649;DESCR_649;type;category;subcat;producer;64900;usd;yes;no_image.png
650;TEST_650;DESCR_650;type;category;subcat;producer;65000;usd;yes;no_image.png
651;TEST_651;DESCR_651;type;category;subcat;producer;65100;usd;yes;no_image.png
652;TEST_652;DESCR_652;type;category;subcat;producer;65200;usd;yes;no_image.png
653;TEST_653;DESCR_653;type;category;subcat;producer;65300;usd;yes;no_image.png
654;TEST_654;DESCR_654;type;category;subcat;producer;65400;usd;yes;no_image.png
655;TEST_655;DESCR_655;type;category;subcat;producer;65500;usd;yes;no_image.png
656;TEST_656;DESCR_656;type;category;subcat;producer;65600;usd;yes;no_image.png
657;TEST_657;DESCR_657;type;category;subcat;producer;65700;usd;yes;no_image.png
658;TEST_658;DESCR_658;type;category;subcat;producer;65800;usd;yes;no_image.png
659;TEST_659;DESCR_659;type;category;subcat;producer;65900;usd;yes;no_image.png
660;TEST_660;DESCR_660;type;category;subcat;producer;66000;usd;yes;no_image.png
661;TEST_661;DESCR_661;type;category;subcat;producer;66100;usd;yes;no_image.png
662;TEST_662;DESCR_662;type;category;subcat;producer;66200;usd;yes;no_image.png
663;TEST_663;DESCR_663;type;category;subcat;producer;66300;usd;yes;no_image.png
664;TEST_664;DESCR_664;type;category;subcat;producer;66400;usd;yes;no_image.png
665;TEST_665;DESCR_665;type;category;subcat;producer;66500;usd;yes;no_image.png
666;TEST_666;DESCR_666;type;category;subcat;producer;66600;usd;yes;no_image.png
667;TEST_667;DESCR_667;type;category;subcat;producer;66700;usd;yes;no_image.png
668;TEST_668;DESCR_668;type;category;subcat;producer;66800;usd;yes;no_image.png
669;TEST_669;DESCR_669;type;category;subcat;producer;66900;usd;yes;no_image.png
670;TEST_670;DESCR_670;type;category;subcat;producer;67000;usd;yes;no_image.png
671;TEST_671;DESCR_671;type;category;subcat;producer;67100;usd;yes;no_image.png
672;TEST_672;DESCR_672;type;category;subcat;producer;67200;usd;yes;no_image.png
673;TEST_673;DESCR_673;type;category;subcat;producer;67300;usd;yes;no_image.png
674;TEST_674;DESCR_674;type;category;subcat;producer;67400;usd;yes;no_image.png
675;TEST_675;DESCR_675;type;category;subcat;producer;67500;usd;yes;no_image.png
676;TEST_676;DESCR_676;type;category;subcat;producer;67600;usd;yes;no_image.png
677;TEST_677;DESCR_677;type;category;subcat;producer;67700;usd;yes;no_image.png
678;TEST_678;DESCR_678;type;category;subcat;producer;67800;usd;yes;no_image.png
679;TEST_679;DESCR_679;type;category;subcat;producer;67900;usd;yes;no_image.png
680;TEST_680;DESCR_680;type;category;subcat;producer;68000;usd;yes;no_image.png
681;TEST_681;DESCR_681;type;category;subcat;producer;68100;usd;yes;no_image.png
682;TEST_682;DESCR_682;type;category;subcat;producer;68200;usd;yes;no_image.png
683;TEST_683;DESCR_683;type;category;subcat;producer;68300;usd;yes;no_image.png
684;TEST_684;DESCR_684;type;category;subcat;producer;68400;usd;yes;no_image.png
685;TEST_685;DESCR_685;type;category;subcat;producer;68500;usd;yes;no_image.png
686;TEST_686;DESCR_686;type;category;subcat;producer;68600;usd;yes;no_image.png
687;TEST_687;DESCR_687;type;category;subcat;producer;68700;usd;yes;no_image.png
688;TEST_688;DESCR_688;type;category;subcat;producer;68800;usd;yes;no_image.png
689;TEST_689;DESCR_689;type;category;subcat;producer;68900;usd;yes;no_image.png
690;TEST_690;DESCR_690;type;category;subcat;producer;69000;usd;yes;no_image.png
691;TEST_691;DESCR_691;type;category;subcat;producer;69100;usd;yes;no_image.png
692;TEST_692;DESCR_692;type;category;subcat;producer;69200;usd;yes;no_image.png
693;TEST_693;DESCR_693;type;category;subcat;producer;69300;usd;yes;no_image.png
694;TEST_694;DESCR_694;type;category;subcat;producer;69400;usd;yes;no_image.png
695;TEST_695;DESCR_695;type;category;subcat;producer;69500;usd;yes;no_image.png
696;TEST_696;DESCR_696;type;category;subcat;producer;69600;usd;yes;no_image.png
697;TEST_697;DESCR_697;type;category;subcat;producer;69700;usd;yes;no_image.png
698;TEST_698;DESCR_698;type;category;subcat;producer;69800;usd;yes;no_image.png
699;TEST_699;DESCR_699;type;category;subcat;producer;69900;usd;yes;no_image.png
700;TEST_700;DESCR_700;type;category;subcat;producer;70000;usd;yes;no_image.png
701;TEST_701;DESCR_701;type;category;subcat;producer;70100;usd;yes;no_image.png
702;TEST_702;DESCR_702;type;category;subcat;producer;70200;usd;yes;no_image.png
703;TEST_703;DESCR_703;type;category;subcat;producer;70300;usd;yes;no_image.png
704;TEST_704;DESCR_704;type;category;subcat;producer;70400;usd;yes;no_image.png
705;TEST_705;DESCR_705;type;category;subcat;producer;70500;usd;yes;no_image.png
706;TEST_706;DESCR_706;type;category;subcat;producer;70600;usd;yes;no_image.png
707;TEST_707;DESCR_707;type;category;subcat;producer;70700;usd;yes;no_image.png
708;TEST_708;DESCR_708;type;category;subcat;producer;70800;usd;yes;no_image.png
709;TEST_709;DESCR_709;type;category;subcat;producer;70900;usd;yes;no_image.png
710;TEST_710;DESCR_710;type;category;subcat;producer;71000;usd;yes;no_image.png
711;TEST_711;DESCR_711;type;category;subcat;producer;71100;usd;yes;no_image.png
712;TEST_712;DESCR_712;type;category;subcat;producer;71200;usd;yes;no_image.png
713;TEST_713;DESCR_713;type;category;subcat;producer;71300;usd;yes;no_image.png
714;TEST_714;DESCR_714;type;category;subcat;producer;71400;usd;yes;no_image.png
715;TEST_715;DESCR_715;type;category;subcat;producer;71500;usd;yes;no_image.png
716;TEST_716;DESCR_716;type;category;subcat;producer;71600;usd;yes;no_image.png
717;TEST_717;DESCR_717;type;category;subcat;producer;71700;usd;yes;no_image.png
718;TEST_718;DESCR_718;type;category;subcat;producer;71800;usd;yes;no_image.png
719;TEST_719;DESCR_719;type;category;subcat;producer;71900;usd;yes;no_image.png
720;TEST_720;DESCR_720;type;category;subcat;producer;72000;usd;yes;no_image.png
721;TEST_721;DESCR_721;type;category;subcat;producer;72100;usd;yes;no_image.png
722;TEST_722;DESCR_722;type;category;subcat;producer;72200;usd;yes;no_image.png
723;TEST_723;DESCR_723;type;category;subcat;producer;72300;usd;yes;no_image.png
724;TEST_724;DESCR_724;type;category;subcat;producer;72400;usd;yes;no_image.png
725;TEST_725;DESCR_725;type;category;subcat;producer;72500;usd;yes;no_image.png
726;TEST_726;DESCR_726;type;category;subcat;producer;72600;usd;yes;no_image.png
727;TEST_727;DESCR_727;type;category;subcat;producer;72700;usd;yes;no_image.png
728;TEST_728;DESCR_728;type;category;subcat;producer;72800;usd;yes;no_image.png
729;TEST_729;DESCR_729;type;category;subcat;producer;72900;usd;yes;no_image.png
730;TEST_730;DESCR_730;type;category;subcat;producer;73000;usd;yes;no_image.png
731;TEST_731;DESCR_731;type;category;subcat;producer;73100;usd;yes;no_image.png
732;TEST_732;DESCR_732;type;category;subcat;producer;73200;usd;yes;no_image.png
733;TEST_733;DESCR_733;type;category;subcat;producer;73300;usd;yes;no_image.png
734;TEST_734;DESCR_734;type;category;subcat;producer;73400;usd;yes;no_image.png
735;TEST_735;DESCR_735;type;category;subcat;producer;73500;usd;yes;no_image.png
736;TEST_736;DESCR_736;type;category;subcat;producer;73600;usd;yes;no_image.png
737;TEST_737;DESCR_737;type;category;subcat;producer;73700;usd;yes;no_image.png
738;TEST_738;DESCR_738;type;category;subcat;producer;73800;usd;yes;no_image.png
739;TEST_739;DESCR_739;type;category;subcat;producer;73900;usd;yes;no_image.png
740;TEST_740;DESCR_740;type;category;subcat;producer;74000;usd;yes;no_image.png
741;TEST_741;DESCR_741;type;category;subcat;producer;74100;usd;yes;no_image.png
742;TEST_742;DESCR_742;type;category;subcat;producer;74200;usd;yes;no_image.png
743;TEST_743;DESCR_743;type;category;subcat;producer;74300;usd;yes;no_image.png
744;TEST_744;DESCR_744;type;category;subcat;producer;74400;usd;yes;no_image.png
745;TEST_745;DESCR_745;type;category;subcat;producer;74500;usd;yes;no_image.png
746;TEST_746;DESCR_746;type;category;subcat;producer;74600;usd;yes;no_image.png
747;TEST_747;DESCR_747;type;category;subcat;producer;74700;usd;yes;no_image.png
748;TEST_748;DESCR_748;type;category;subcat;producer;74800;usd;yes;no_image.png
749;TEST_749;DESCR_749;type;category;subcat;producer;74900;usd;yes;no_image.png
750;TEST_750;DESCR_750;type;category;subcat;producer;75000;usd;yes;no_image.png
751;TEST_751;DESCR_751;type;category;subcat;producer;75100;usd;yes;no_image.png
752;TEST_752;DESCR_752;type;category;subcat;producer;75200;usd;yes;no_image.png
753;TEST_753;DESCR_753;type;category;subcat;producer;75300;usd;yes;no_image.png
754;TEST_754;DESCR_754;type;category;subcat;producer;75400;usd;yes;no_image.png
755;TEST_755;DESCR_755;type;category;subcat;producer;75500;usd;yes;no_image.png
756;TEST_756;DESCR_756;type;category;subcat;producer;75600;usd;yes;no_image.png
757;TEST_757;DESCR_757;type;category;subcat;producer;75700;usd;yes;no_image.png
758;TEST_758;DESCR_758;type;category;subcat;producer;75800;usd;yes;no_image.png
759;TEST_759;DESCR_759;type;category;subcat;producer;75900;usd;yes;no_image.png
760;TEST_760;DESCR_760;type;category;subcat;producer;76000;usd;yes;no_image.png
761;TEST_761;DESCR_761;type;category;subcat;producer;76100;usd;yes;no_image.png
762;TEST_762;DESCR_762;type;category;subcat;producer;76200;usd;yes;no_image.png
763;TEST_763;DESCR_763;type;category;subcat;producer;76300;usd;yes;no_image.png
764;TEST_764;DESCR_764;type;category;subcat;producer;76400;usd;yes;no_image.png
765;TEST_765;DESCR_765;type;category;subcat;producer;76500;usd;yes;no_image.png
766;TEST_766;DESCR_766;type;category;subcat;producer;76600;usd;yes;no_image.png
767;TEST_767;DESCR_767;type;category;subcat;producer;76700;usd;yes;no_image.png
768;TEST_768;DESCR_768;type;category;subcat;producer;76800;usd;yes;no_image.png
769;TEST_769;DESCR_769;type;category;subcat;producer;76900;usd;yes;no_image.png
770;TEST_770;DESCR_770;type;category;subcat;producer;77000;usd;yes;no_image.png
771;TEST_771;DESCR_771;type;category;subcat;producer;77100;usd;yes;no_image.png
772;TEST_772;DESCR_772;type;category;subcat;producer;77200;usd;yes;no_image.png
773;TEST_773;DESCR_773;type;category;subcat;producer;77300;usd;yes;no_image.png
774;TEST_774;DESCR_774;type;category;subcat;producer;77400;usd;yes;no_image.png
775;TEST_775;DESCR_775;type;category;subcat;producer;77500;usd;yes;no_image.png
776;TEST_776;DESCR_776;type;category;subcat;producer;77600;usd;yes;no_image.png
777;TEST_777;DESCR_777;type;category;subcat;producer;77700;usd;yes;no_image.png
778;TEST_778;DESCR_778;type;category;subcat;producer;77800;usd;yes;no_image.png
779;TEST_779;DESCR_779;type;category;subcat;producer;77900;usd;yes;no_image.png
780;TEST_780;DESCR_780;type;category;subcat;producer;78000;usd;yes;no_image.png
781;TEST_781;DESCR_781;type;category;subcat;producer;78100;usd;yes;no_image.png
782;TEST_782;DESCR_782;type;category;subcat;producer;78200;usd;yes;no_image.png
783;TEST_783;DESCR_783;type;category;subcat;producer;78300;usd;yes;no_image.png
784;TEST_784;DESCR_784;type;category;subcat;producer;78400;usd;yes;no_image.png
785;TEST_785;DESCR_785;type;category;subcat;producer;78500;usd;yes;no_image.png
786;TEST_786;DESCR_786;type;category;subcat;producer;78600;usd;yes;no_image.png
787;TEST_787;DESCR_787;type;category;subcat;producer;78700;usd;yes;no_image.png
788;TEST_788;DESCR_788;type;category;subcat;producer;78800;usd;yes;no_image.png
789;TEST_789;DESCR_789;type;category;subcat;producer;78900;usd;yes;no_image.png
790;TEST_790;DESCR_790;type;category;subcat;producer;79000;usd;yes;no_image.png
791;TEST_791;DESCR_791;type;category;subcat;producer;79100;usd;yes;no_image.png
792;TEST_792;DESCR_792;type;category;subcat;producer;79200;usd;yes;no_image.png
793;TEST_793;DESCR_793;type;category;subcat;producer;79300;usd;yes;no_image.png
794;TEST_794;DESCR_794;type;category;subcat;producer;79400;usd;yes;no_image.png
795;TEST_795;DESCR_795;type;category;subcat;producer;79500;usd;yes;no_image.png
796;TEST_796;DESCR_796;type;category;subcat;producer;79600;usd;yes;no_image.png
797;TEST_797;DESCR_797;type;category;subcat;producer;79700;usd;yes;no_image.png
798;TEST_798;DESCR_798;type;category;subcat;producer;79800;usd;yes;no_image.png
799;TEST_799;DESCR_799;type;category;subcat;producer;79900;usd;yes;no_image.png
800;TEST_800;DESCR_800;type;category;subcat;producer;80000;usd;yes;no_image.png
801;TEST_801;DESCR_801;type;category;subcat;producer;80100;usd;yes;no_image.png
802;TEST_802;DESCR_802;type;category;subcat;producer;80200;usd;yes;no_image.png
803;TEST_803;DESCR_803;type;category;subcat;producer;80300;usd;yes;no_image.png
804;TEST_804;DESCR_804;type;category;subcat;producer;80400;usd;yes;no_image.png
805;TEST_805;DESCR_805;type;category;subcat;producer;80500;usd;yes;no_image.png
806;TEST_806;DESCR_806;type;category;subcat;producer;80600;usd;yes;no_image.png
807;TEST_807;DESCR_807;type;category;subcat;producer;80700;usd;yes;no_image.png
808;TEST_808;DESCR_808;type;category;subcat;producer;80800;usd;yes;no_image.png
809;TEST_809;DESCR_809;type;category;subcat;producer;80900;usd;yes;no_image.png
810;TEST_810;DESCR_810;type;category;subcat;producer;81000;usd;yes;no_image.png
811;TEST_811;DESCR_811;type;category;subcat;producer;81100;usd;yes;no_image.png
812;TEST_812;DESCR_812;type;category;subcat;producer;81200;usd;yes;no_image.png
813;TEST_813;DESCR_813;type;category;subcat;producer;81300;usd;yes;no_image.png
814;TEST_814;DESCR_814;type;category;subcat;producer;81400;usd;yes;no_image.png
815;TEST_815;DESCR_815;type;category;subcat;producer;81500;usd;yes;no_image.png
816;TEST_816;DESCR_816;type;category;subcat;producer;81600;usd;yes;no_image.png
817;TEST_817;DESCR_817;type;category;subcat;producer;81700;usd;yes;no_image.png
818;TEST_818;DESCR_818;type;category;subcat;producer;81800;usd;yes;no_image.png
819;TEST_819;DESCR_819;type;category;subcat;producer;81900;usd;yes;no_image.png
820;TEST_820;DESCR_820;type;category;subcat;producer;82000;usd;yes;no_image.png
821;TEST_821;DESCR_821;type;category;subcat;producer;82100;usd;yes;no_image.png
822;TEST_822;DESCR_822;type;category;subcat;producer;82200;usd;yes;no_image.png
823;TEST_823;DESCR_823;type;category;subcat;producer;82300;usd;yes;no_image.png
824;TEST_824;DESCR_824;type;category;subcat;producer;82400;usd;yes;no_image.png
825;TEST_825;DESCR_825;type;category;subcat;producer;82500;usd;yes;no_image.png
826;TEST_826;DESCR_826;type;category;subcat;producer;82600;usd;yes;no_image.png
827;TEST_827;DESCR_827;type;category;subcat;producer;82700;usd;yes;no_image.png
828;TEST_828;DESCR_828;type;category;subcat;producer;82800;usd;yes;no_image.png
829;TEST_829;DESCR_829;type;category;subcat;producer;82900;usd;yes;no_image.png
830;TEST_830;DESCR_830;type;category;subcat;producer;83000;usd;yes;no_image.png
831;TEST_831;DESCR_831;type;category;subcat;producer;83100;usd;yes;no_image.png
832;TEST_832;DESCR_832;type;category;subcat;producer;83200;usd;yes;no_image.png
833;TEST_833;DESCR_833;type;category;subcat;producer;83300;usd;yes;no_image.png
834;TEST_834;DESCR_834;type;category;subcat;producer;83400;usd;yes;no_image.png
835;TEST_835;DESCR_835;type;category;subcat;producer;83500;usd;yes;no_image.png
836;TEST_836;DESCR_836;type;category;subcat;producer;83600;usd;yes;no_image.png
837;TEST_837;DESCR_837;type;category;subcat;producer;83700;usd;yes;no_image.png
838;TEST_838;DESCR_838;type;category;subcat;producer;83800;usd;yes;no_image.png
839;TEST_839;DESCR_839;type;category;subcat;producer;83900;usd;yes;no_image.png
840;TEST_840;DESCR_840;type;category;subcat;producer;84000;usd;yes;no_image.png
841;TEST_841;DESCR_841;type;category;subcat;producer;84100;usd;yes;no_image.png
842;TEST_842;DESCR_842;type;category;subcat;producer;84200;usd;yes;no_image.png
843;TEST_843;DESCR_843;type;category;subcat;producer;84300;usd;yes;no_image.png
844;TEST_844;DESCR_844;type;category;subcat;producer;84400;usd;yes;no_image.png
845;TEST_845;DESCR_845;type;category;subcat;producer;84500;usd;yes;no_image.png
846;TEST_846;DESCR_846;type;category;subcat;producer;84600;usd;yes;no_image.png
847;TEST_847;DESCR_847;type;category;subcat;producer;84700;usd;yes;no_image.png
848;TEST_848;DESCR_848;type;category;subcat;producer;84800;usd;yes;no_image.png
849;TEST_849;DESCR_849;type;category;subcat;producer;84900;usd;yes;no_image.png
850;TEST_850;DESCR_850;type;category;subcat;producer;85000;usd;yes;no_image.png
851;TEST_851;DESCR_851;type;category;subcat;producer;85100;usd;yes;no_image.png
852;TEST_852;DESCR_852;type;category;subcat;producer;85200;usd;yes;no_image.png
853;TEST_853;DESCR_853;type;category;subcat;producer;85300;usd;yes;no_image.png
854;TEST_854;DESCR_854;type;category;subcat;producer;85400;usd;yes;no_image.png
855;TEST_855;DESCR_855;type;category;subcat;producer;85500;usd;yes;no_image.png
856;TEST_856;DESCR_856;type;category;subcat;producer;85600;usd;yes;no_image.png
857;TEST_857;DESCR_857;type;category;subcat;producer;85700;usd;yes;no_image.png
858;TEST_858;DESCR_858;type;category;subcat;producer;85800;usd;yes;no_image.png
859;TEST_859;DESCR_859;type;category;subcat;producer;85900;usd;yes;no_image.png
860;TEST_860;DESCR_860;type;category;subcat;producer;86000;usd;yes;no_image.png
861;TEST_861;DESCR_861;type;category;subcat;producer;86100;usd;yes;no_image.png
862;TEST_862;DESCR_862;type;category;subcat;producer;86200;usd;yes;no_image.png
863;TEST_863;DESCR_863;type;category;subcat;producer;86300;usd;yes;no_image.png
864;TEST_864;DESCR_864;type;category;subcat;producer;86400;usd;yes;no_image.png
865;TEST_865;DESCR_865;type;category;subcat;producer;86500;usd;yes;no_image.png
866;TEST_866;DESCR_866;type;category;subcat;producer;86600;usd;yes;no_image.png
867;TEST_867;DESCR_867;type;category;subcat;producer;86700;usd;yes;no_image.png
868;TEST_868;DESCR_868;type;category;subcat;producer;86800;usd;yes;no_image.png
869;TEST_869;DESCR_869;type;category;subcat;producer;86900;usd;yes;no_image.png
870;TEST_870;DESCR_870;type;category;subcat;producer;87000;usd;yes;no_image.png
871;TEST_871;DESCR_871;type;category;subcat;producer;87100;usd;yes;no_image.png
872;TEST_872;DESCR_872;type;category;subcat;producer;87200;usd;yes;no_image.png
873;TEST_873;DESCR_873;type;category;subcat;producer;87300;usd;yes;no_image.png
874;TEST_874;DESCR_874;type;category;subcat;producer;87400;usd;yes;no_image.png
875;TEST_875;DESCR_875;type;category;subcat;producer;87500;usd;yes;no_image.png
876;TEST_876;DESCR_876;type;category;subcat;producer;87600;usd;yes;no_image.png
877;TEST_877;DESCR_877;type;category;subcat;producer;87700;usd;yes;no_image.png
878;TEST_878;DESCR_878;type;category;subcat;producer;87800;usd;yes;no_image.png
879;TEST_879;DESCR_879;type;category;subcat;producer;87900;usd;yes;no_image.png
880;TEST_880;DESCR_880;type;category;subcat;producer;88000;usd;yes;no_image.png
881;TEST_881;DESCR_881;type;category;subcat;producer;88100;usd;yes;no_image.png
882;TEST_882;DESCR_882;type;category;subcat;producer;88200;usd;yes;no_image.png
883;TEST_883;DESCR_883;type;category;subcat;producer;88300;usd;yes;no_image.png
884;TEST_884;DESCR_884;type;category;subcat;producer;88400;usd;yes;no_image.png
885;TEST_885;DESCR_885;type;category;subcat;producer;88500;usd;yes;no_image.png
886;TEST_886;DESCR_886;type;category;subcat;producer;88600;usd;yes;no_image.png
887;TEST_887;DESCR_887;type;category;subcat;producer;88700;usd;yes;no_image.png
888;TEST_888;DESCR_888;type;category;subcat;producer;88800;usd;yes;no_image.png
889;TEST_889;DESCR_889;type;category;subcat;producer;88900;usd;yes;no_image.png
890;TEST_890;DESCR_890;type;category;subcat;producer;89000;usd;yes;no_image.png
891;TEST_891;DESCR_891;type;category;subcat;producer;89100;usd;yes;no_image.png
892;TEST_892;DESCR_892;type;category;subcat;producer;89200;usd;yes;no_image.png
893;TEST_893;DESCR_893;type;category;subcat;producer;89300;usd;yes;no_image.png
894;TEST_894;DESCR_894;type;category;subcat;producer;89400;usd;yes;no_image.png
